S_1,RehNo,Structure,Theme,mm,Conductor,Flute_1,Flute_2,Oboe_1,Oboe_2,Clarinet_1,Clarinet_2,Bassoon_1,Bassoon_2,Horn_1,Horn_2,Horn_3,Horn_4,Trumpet_1,Trumpet_2,Trumpet_3,Trombone_1,Trombone_2,Trombone_Bass,Tuba,Perc_Tympani,Perc_Batt,Perc_GC,Harp,Vn_solo,Violin_1,Violin_2,Va_solo,Viola,Vc_Solo,Cello,Contrabass,C1_Sae1,C1_Sae2,RD_Sae1,RD_Sae2,RR_Saev
1.019501134,0.0,Intro,,1.0,1.0,0.0,0.0,0.0,0.0,0.0,0.0,0.0,0.0,0.0,0.0,0.0,0.0,0.0,0.0,0.0,0.0,0.0,0.0,0.0,0.0,1.0,0.0,1.0,0.0,0.0,0.0,0.0,0.0,0.0,0.0,0.0,0.019501134000000000,0.019501134000000000,0.019501134000000000,-0.0039002265442178000,-0.0039002265442178000
2.53968254,,,a,1.25,,,,,,,,,,1.0,,,,,,,,,,,,0.0,,,,,,,,,,,1.5396825400000000,1.7268934243537400,1.5396825400000000,1.4928798189115600,1.4928798189115600
9.204535147,,,,2.5,,,,,,,,,,0.0,,,,,,,,,,,,,1.0,,,,,,,,,,8.204535147,8.181133786455780,7.572698412306120,6.917460317068030,6.543038548360540
12.07873016,,,,3.0,,,,,,,,,,,,,,,,,,,,,,,0.0,,,,,,,,,,11.07873016,10.47029478585030,9.885260772244900,9.300226758639450,9.230022677006800
13.6707483,,,a,3.25,,,,,,,,,,,,1.0,,,,,,,,,,,,,,,,,,,,,12.6707483,12.03891156530610,11.407074830612200,10.634829932653100,10.822040817006800
21.46104308,,,,4.5,,,,,,,,,,,,0.0,,,,,,,,,,,,,,,,,,,,,20.46104308,19.197369610612200,18.2145124677551,17.559274372517000,16.857233556190500
24.02539683,,,,5.0,,,,,,,,,,,,,,,,,,,,,,,1.0,,,,,,,,,,23.02539683,21.036281183741500,20.622857142857100,19.187573700748300,18.961360544217700
25.58984127,,,a,5.25,,,,,,,,,,1.0,,,,,,,,,,,,,0.0,,,,,,,,,,24.58984127,22.390113378843500,22.039092970680300,20.494603174761900,20.45904761904760
28.36462585,,,b,5.75,,,,,,,,,,,,,,,,,,,,,,,,,,,,,,,,1.0,27.36462585,24.954285713945600,24.673469387415000,23.17578231258500,22.56734693843540
29.85142857,,,,6.0,,,,,,,,,,0.0,,,,,,,,,,,,,,,,,,,,,,,28.85142857,26.441088433945600,26.16027210741500,24.568979590408200,23.398911563197300
33.71174603,,,,6.75,,,,,,,,,,,,,,,,,,,,,,,,,,,,,,1.0,1.0,,32.71174603,30.301405893945600,29.833378683061200,28.429297050408200,27.25922902319730
35.28126984,,,,7.0,,,,,,,,,,,,,,,,,,,,,,,,0.0,,,,,,,,,34.28126984,31.870929703945600,31.402902493061200,29.998820860408200,28.82875283319730
39.00226757,,,,7.75,,,,,,,,,,,,,,,,,,,,,,,,,,,,1.0,1.0,,,,38.00226757,35.73233559721090,35.10049886251700,33.71981859040820,32.54975056319730
49.0521542,,,,9.75,,,,,,,,1.0,1.0,,,,,,,,,,,,,,,,,,,,,,,,48.0521542,45.969433111564600,44.44834467619050,43.88671202312930,41.35936508435370
50.36408163,,,,10.0,,,,,,,,,,,,,,,,,,,,,,,,,,,,0.0,0.0,0.0,0.0,,49.36408163,47.32816326265310,45.690068024557800,45.198639453129200,42.55428571163270
63.03854875,,,,12.75,,,,,,,,,,1.0,,,,,,,,,,,,,,,,,,,,,,,62.03854875,60.42385487244900,58.224126981292500,58.15392289965990,54.66712017857140
68.45968254,,,b,13.75,,,,,,,,,,,,,,,,,,,,,,,,,,,,1.0,1.0,,,,67.45968254,65.28335600938780,63.6218594107483,63.57505668965990,59.17560090734700
70.08435374,1.0,,,14.0,,,,,,,,,,,,,,,,,,,,,,,,,,,,,,1.0,1.0,,69.08435374,66.81442176721090,65.19972788965990,64.82530612095240,60.589659862449000
72.55510204,,,,14.5,,,,,,,,0.0,0.0,0.0,,,,,,,,,,,,,,,,,,,,,,,71.55510204,69.0511564617687,67.36625850258500,66.99183673387760,62.10095238013600
84.11428571,,,,16.75,,,,,,,,,,1.0,,,,,,,,,,,,,,,,,,,,,,,83.11428571,80.23591836306120,78.99564625421770,78.05959183244900,72.34965985965990
97.66893424,,,a,19.25,,,,,,,,,,,,,,,,,,,,,,,,,,,,0.0,0.0,,,,96.66893424,93.43954648489800,92.08226757333330,90.37396825360540,83.70458049850340
103.7257143,,,,20.5,,,,,,,,,,0.0,,,,,,,,,,,,,,,,,,,,,,,102.7257143,99.44952382380950,98.02204083061220,96.40734695306120,88.98911566054420
110.9768707,,Fugue,c,21.75,,,,,,,,1.0,,,,,,,,,,,,,,,,,,,,,,,,,109.9768707,106.70068022381000,105.27319723061200,103.19047614217700,95.39020408163270
112.0261224,2.0,,,22.0,,,,,,,,,,,,,,,,,,,,,,,,,,,,,,,,,111.0261224,107.70312920272100,106.32244893061200,104.19292512108800,96.28326525714280
114.9895692,,,c,22.75,,,,,,,,,,,,,,,,,,,,,,,,,,,,,,,,0.0,113.9895692,110.54956920000000,109.14548756734700,106.92235831564600,98.73188212517010
119.1655329,,,c,23.75,,,,,,1.0,,0.0,,,,,,,,,,,,,,,,,,,,,,,,,118.1655329,114.46811793401400,113.34485262789100,110.72390024693900,102.36961453265300
123.2631293,,,c,24.75,,,,,,,,,,,,,,,,,,,,,,,,,,,,1.0,1.0,0.0,0.0,,122.2631293,118.58911569455800,117.51265310952400,114.28326535442200,105.8353741979590
126.5110204,,,b,25.5,,,,,,,,,,,,,,,,,,,,,,,,1.0,,,,,,,,1.0,125.5110204,121.79020407346900,120.76054420952400,117.0397278829930,108.35782312108800
127.5994558,,,c,25.75,,,,,,0.0,,1.0,,,,,,,,,,,,,,,,,,,,,,,,,126.5994558,122.87863947346900,121.84897960952400,118.01115648027200,109.28244899727900
133.0793651,,,,27.0,,,,,,,,,,,,,,,,,,,,,,,,,,,,,,1.0,1.0,,132.0793651,128.2649433312930,127.30548754898000,122.81242632449000,113.52208618843500
136.2982313,,,,27.75,,,,,,,,0.0,,,,,,,,,,,,,,,,,,,,0.0,0.0,,,,135.2982313,131.5774149734690,130.54775510952400,125.46095238095200,116.1091156537420
139.9727891,,,c,28.75,,,,,,1.0,,,,1.0,,,,,,,,,,,,,,,,,,,,,,,138.9727891,135.5327891,134.29251699115600,129.0506122292520,119.6666666510200
140.9393197,,,,29.0,,,,,,,,,,,,,,,,,,,,,,,,,,,,,,0.0,0.0,,139.9393197,136.4993197,135.25904759115600,130.0171428292520,120.58639452993200
143.612517,,,,29.75,,,,,,,,,,,,,,,,,,,,,,,,,,,,1.0,1.0,,,,142.612517,139.172517,137.93224489115600,132.38612244217700,123.11918366666700
144.622585,3.0,,,30.0,,,,,,,,,,,1.0,,,,,,,,,,,,,,,,,,,1.0,1.0,,143.622585,140.18258500000000,138.94231289115600,133.39619044217700,124.01224486394600
147.992381,,,,31.0,,,,,,,,,,,,,,,,,,,,,,,,,,,,,,0.0,0.0,,146.992381,143.6927891632650,142.21850344898000,136.461768755102,126.84380957142900
150.517551,,,,31.75,,1.0,,,,,,,,,,,,,,,,,,,,,,,,,,,,1.0,1.0,,149.517551,146.3583673265310,144.7202720884350,138.963537414966,129.22857140816300
151.3708844,,,,32.0,,,,,,,,1.0,,,,,,,,,,,,,,,,,,,,,,,,,150.3708844,147.28190480816300,145.55020412789100,139.58285718911600,130.08190480816300
153.7306122,,,d,32.75,,0.0,,,,0.0,,0.0,,0.0,0.0,,,,,,,,,,1.0,,,,,,,,,,,,152.7306122,149.78204077142900,147.81632648571400,141.91918362857100,132.30122444489800
155.0715646,,,,33.25,,,,1.0,,,,,,,,,,,,,,,,,,,,,1.0,1.0,1.0,,,,,,154.0715646,151.19319725306100,149.11047616462600,143.26013602857100,133.64217684489800
156.4821769,,,,33.75,,,,,,,,,,,,,,,,,,,,,,,,,,,,,,,,,155.4821769,152.6974149952380,150.49768710408200,144.67074832857100,135.07619050544200
157.1047619,,,,34.0,,,,,,,,,,,,,,,,,,,,,,,,0.0,,,,,,,,,156.1047619,153.3434013557820,151.12027210408200,145.29333332857100,135.69877550544200
157.422585,,,,34.083,,,,,,,,,,,,,,,,,,,,,,,,,,,,,,,,,156.422585,153.70802717687100,151.43809520408200,145.61115642857100,136.0165986054420
157.8318367,,,,34.25,,,,,,1.0,1.0,,,,,,,,,,,,,,0.0,,,,,,,,,,,,156.8318367,154.11727887687100,151.8473469040820,146.0204081285710,136.42585030544200
158.2062585,,,,34.375,,,,,,,,,,,,,,,,,,,,,,,,,0.0,0.0,0.0,0.0,0.0,,,,157.2062585,154.49170067687100,152.22176870408200,146.39482992857100,136.84707482653100
160.0667574,,,,35.0,,,,0.0,,,,,,,,,,,,,,,,,,,,1.0,,,,,,0.0,0.0,,159.0667574,156.35219957687100,154.08226760408200,148.27873018911600,138.7075737265310
160.3570068,,,,35.125,,,,,,,,1.0,1.0,1.0,1.0,1.0,1.0,1.0,,,,,,,,,,,1.0,1.0,1.0,1.0,1.0,,,,159.3570068,156.64244897687100,154.37251700408200,148.56897958911600,138.9978231265310
160.6878912,,,,35.25,,,,,,0.0,0.0,0.0,0.0,0.0,0.0,0.0,0.0,0.0,,,,,,,,,,,0.0,0.0,0.0,0.0,0.0,,,,159.6878912,156.97333337687100,154.70340140408200,148.89986398911600,139.3287075265310
162.8990023,,,,36.0,,,,,,,,,,,,,,,,,,,,,,,,0.0,,,,,,,,,161.8990023,159.18444447687100,156.79537414966000,151.06417236802700,141.5398186265310
164.9284354,,3:4,c,36.75,,,,,,1.0,1.0,,,,,,,,,,,,,,,,,,1.0,1.0,1.0,,,,,,163.9284354,161.21387757687100,158.80353744081600,153.09360546802700,143.61605444761900
165.8383673,4.0,,,37.0,,,,,,,,,,,,,,,,,,,,,,,,,,,,,,,,,164.8383673,162.10040811632700,159.69714285714300,153.98013600748300,144.52598634761900
166.3129252,,,,37.167,,,,1.0,1.0,,,,,,,,,,,,,,,,,,,1.0,,,,1.0,1.0,,,,165.3129252,162.57496601632700,160.09442179863900,154.45469390748300,144.97714288707500
166.6960544,,,,37.33,,,,,,,,,,,,,,,,,,,,,,,,,,,,,,1.0,1.0,,165.6960544,162.9346938557820,160.46938775510200,154.7208163047620,145.21170068027200
169.9352381,,,,38.67,,,,,,,,,,,,,,,,,,,,,,,,0.0,,,,,,,,,168.9352381,166.08027211360500,163.69333333809500,157.58557823605400,148.03782313401400
172.8,,,,39.67,,,,0.0,0.0,0.0,0.0,,,,,,,,,,,,,,,,,,0.0,0.0,0.0,0.0,0.0,,,,171.8,169.1322448979590,166.55809523809500,160.1461224489800,150.6174149659860
173.4791837,,,d,40.0,,,,,,,,,,,,,,,,,,,,,,,,,,,,,,,,,172.4791837,169.8582313190480,167.23727893809500,160.77850342789100,151.06693880204100
183.814966,,,,43.5,,,,,,,,,,,,,,,,,,,,,,,,,,,,,,0.0,0.0,,182.814966,180.0770068163270,177.3624489931970,170.31863946938800,160.18585035374100
186.7697052,,,a,44.33,,,,,,,,,,1.0,,,,,,,,,,,,,,,,,,,,,,,185.7697052,182.39990928163300,180.3171881931970,172.40408163265300,162.36834465578200
204.78839,,T1 4:4,b,50.67,,,,,,,,,,,,,,,,,,,,,,,,,,,,1.0,,,,,203.78839,197.11900224489800,197.77424034013600,186.91600904761900,177.27156462585000
205.6097959,5.0,,,51.0,,,,,,,,,,,,,,,,,,,,,,,,,,,,,,,,,204.6097959,197.79999998163300,198.59564624013600,187.73741494761900,177.60462583197300
208.9070295,,,,54.75,,,,,,,,,,,,,,,,,,,,,,,,,,,,,,,,,207.9070295,201.0036281394560,201.89287984013600,190.89424038435400,180.43383222108800
217.1646259,,,e,54.75,,,,,,,,,,,,,,,,,,,,,,,,,1.0,,,0.0,,,,,216.1646259,209.2612245394560,209.47183678435400,198.87102045782300,188.12979596802700
218.3314286,,,,55.0,,,,,,,,,,,,,,,,,,,,,,,,1.0,,,,,,,,,217.3314286,210.42802723945600,210.56843540272100,199.73360547074800,189.1561905047620
221.0655782,,,,56.0,,,,,,,,,,,,,,,,,,,,,,,,0.0,,,,,,,,,220.0655782,213.02176867619000,212.99836731564600,202.37414962857100,191.82013602312900
228.345034,,T1,b,58.75,,,,,,,,,,,,,,,,,,,,,,,,,0.0,,,1.0,1.0,,,,227.345034,220.0906122312930,220.13741495238100,209.53659862585000,198.5145578095240
229.2680272,6.0,,,59.0,,,,,,,,,,1.0,,1.0,,,,,,,,,,,,1.0,,,,,,,,0.0,228.2680272,221.1072108734690,221.06040815238100,210.45959182585000,199.3907482884350
237.9580952,,,,62.13,,,,,,,,,,,,0.0,,,,,,,,,,,,,,,,,,,,,236.9580952,229.63346934966000,229.77387751292500,218.77523805714300,207.30857139047600
239.5254422,,,e,62.75,,,,,,,,,,,,,,,,,,,,,,,,,1.0,1.0,,0.0,0.0,,,,238.5254422,231.20081634966000,231.34122451292500,220.24897961496600,208.852517029932
240.4484354,,,,63.0,,,,,,,,,,,,,,,,,,,,,,1.0,,,,,,,,,,,239.4484354,232.12380954966000,232.26421771292500,221.05496601224500,209.70530614829900
242.9561905,,,,64.0,,,,,,,,,,,,,,,,,,,,,,0.0,,,,,,,,,,,241.9561905,234.5847619285710,234.74857145238100,223.4457143095240,211.95564628231300
249.7480272,,T2,f,66.75,,,,,,,,,,,,,,,,,,,,,,,,,0.0,0.0,,1.0,1.0,,,,248.7480272,241.119183662585,241.68081631564600,229.4419047510200,218.0922448870750
250.4359184,7.0,,,67.0,,,,,,,,,,,,,,,,,,,,,,,,,,,,,,,,,249.4359184,241.807074862585,242.36870751564600,230.12979595102000,218.78013608707500
251.6462585,,,,67.5,,,,,,,,,,0.0,,1.0,,,,,,,,,,,,,,,,,,,,,250.6462585,243.01741496258500,243.6258503367350,231.3401360510200,219.90884353741500
267.6331973,,,,74.0,,,,,,,,,,,,,,,,,,,,,,,,,1.0,1.0,1.0,,,,,,266.6331973,258.7235374360540,259.7765986605440,246.4144217897960,234.745306122449
269.6185034,,T1,b,74.75,,,,,,,,,,,,,,,,,,,,,,,,,0.0,0.0,0.0,,,,,,268.6185034,260.7322448965990,261.85551020272100,248.2827210870750,236.65224489659900
270.315102,8.0,,,75.0,,,,,,1.0,,,,1.0,,0.0,,,,,,,,,,,,,,,,,,,,,269.315102,261.42884349659900,262.5521088027210,248.97931968707500,237.3020407755100
277.6642177,,,,78.0,,,,,,,,,,,,,,,,,,,,,,,,,,,1.0,,,,,,276.6642177,268.80136055714300,269.99482994489800,255.95401361836700,244.34693878843500
278.2737415,,,,78.25,,,,,,0.0,,,,,,,,,,,,,,,,,,,,,,,,,,,277.2737415,269.4108843571430,270.604353744898,256.5635374183670,244.86285714625900
279.562449,,,e,78.75,,,,,,,,,,,,,,,,,,,,,,,,,1.0,1.0,,0.0,0.0,,,,278.562449,270.6995918571430,271.893061244898,257.78204083673500,246.10476192517000
280.2416327,,,,79.0,,,,,,,,,,0.0,,1.0,,,,,,,,,,,,,,,,,,,,,279.2416327,271.3787755571430,272.57224494489800,258.46122453673500,246.7839456251700
289.2277551,,T2,f,82.75,,,,1.0,,,,,,,,,,,,,,,,,,,,,0.0,0.0,,,,,,,288.2277551,280.0606802700680,281.46476190272100,266.81551020204100,255.16163265102000
289.8546939,9.0,,,83.0,,,,,,1.0,,1.0,,,,0.0,,,,,,,,,,,,,,,,,,,,,288.8546939,280.66421770952400,282.0917007027210,267.4424490020410,255.7885714510200
290.4990476,,,,83.25,,,,,,,,,,,,,,,,,,,,,,,,,,,0.0,,,,,,289.4990476,281.2851700489800,282.73605440272100,267.9931972598640,256.26911562721100
298.7189116,,,f,86.75,,,,,1.0,,,,,,,,,,,,,,,,,,,,,,,,,,,,297.7189116,289.3646258857140,290.65170071564600,275.6982313278910,263.8337415319730
299.4851701,,,,87.0,,,,,,,,0.0,,,,,,,,,,,,,,,,,,,,,,1.0,,,298.4851701,290.10748302517000,291.3477551340140,276.4410884673470,264.4595918687080
308.2819048,,T1,b,90.75,,,,,,,,,,,,,,,,,,,,,,,,,,,,,,,,,307.2819048,298.88081636462600,299.93387758911600,284.7697959564630,272.6244898340140
308.8304762,10.0,,,91.0,,,,,,,1.0,,,,,,,,,,,,,,,,,,,,,1.0,1.0,,1.0,,307.8304762,299.42938776462600,300.48244898911600,285.3183673564630,273.17306123401400
311.1974603,,,,92.0,,,,,,0.0,0.0,1.0,1.0,1.0,,,,,,,,,,,,,,,,,,0.0,0.0,0.0,0.0,,310.1974603,301.72616778299300,302.779229007483,287.52154193265300,275.3762358102040
313.6050794,,,,93.0,,,,,,1.0,1.0,0.0,0.0,0.0,,,,,,,,,,,,,,,,,,1.0,1.0,1.0,1.0,,312.6050794,304.0167800802720,305.13659863945600,289.8355555904760,277.62004538639500
315.9111111,,,,94.0,,,,,,0.0,0.0,1.0,1.0,1.0,,,,,,,,,,,,,,,,,,0.0,0.0,0.0,0.0,,314.9111111,306.2994104197280,307.42267572585000,292.11818592993200,279.8324716442180
317.7777778,,,e,94.75,,,,0.0,0.0,1.0,,,,,,,,,,,,,,,,,,,,,,,,,,,316.7777778,308.0958730380950,309.21913834421800,293.79764174557800,281.44172337823100
318.3314286,,,,95.0,,1.0,1.0,,,,,0.0,0.0,0.0,,,,,,,,,,,1.0,,,0.0,,,,,,1.0,1.0,,317.3314286,308.6495238380950,309.77278914421800,294.35129254557800,281.99537417823100
322.664127,,,,97.0,,,0.0,,,,,,,,,,,,,,,,,,,,,,,,,,,,,,321.664127,313.0056235986400,314.0820861836740,298.61378686394600,286.1408616938780
324.3504762,,,a,97.25,,,,,,,,,,1.0,,,,,,,,,,,,,,,,,,,,,,,323.3504762,314.6919727986400,315.6982313020410,300.25333334285700,287.8038095333330
324.9092063,,,,98.0,,,,,,,,,,,,,,,,,,,,,,,,,,,,,,,,1.0,323.9092063,315.2273015380950,316.2335600414970,300.81206344285700,288.26893419115600
326.0190476,,,,98.5,,,,,,,,,,0.0,,,,,,,,,,,,,,,,,,,,,,,325.0190476,316.33714283809500,317.34340134149700,301.9219047428570,289.30857140952400
326.5777778,,T2,f,98.75,,0.0,,,,0.0,,1.0,,,,,,,,,,,,,,,,,,,,1.0,1.0,,,,325.5777778,316.8958730380950,317.9021315414970,302.43383222176900,289.8673016095240
327.1644444,11.0,,,99.0,,,,,,,,,,,,,,,,,,,,,,,,,1.0,1.0,,,,,,,326.1644444,317.48253963809500,318.4887981414970,303.0204988217690,290.4539682095240
335.3077551,,,f,102.75,,,,,,,,0.0,1.0,,,,,,,,,,,,,,,,,,,0.0,0.0,,,,334.3077551,325.3450340115650,326.60870748095200,310.67238095034000,298.08244897755100
343.9891156,,T1,b,106.75,,,,,,,,,,,,,,,,,,,,,,,,,,,,,,,,,342.9891156,333.81578226666700,335.26666662040800,318.72190471564600,306.29578226666700
344.5485714,12.0,,,107.0,,,,,,1.0,1.0,,,1.0,1.0,,,,,,,,,,,,,,,,1.0,,,,,,343.5485714,334.3284353455780,335.8261224204080,319.25795915510200,306.80843534557800
344.807619,,,,107.13,,,,,,,,,,,,,,,,,,,,,,,,,,,,1.0,1.0,,,,343.807619,334.5874829455780,336.08517002040800,319.4702040340140,307.044081585034
352.6726531,,,e,110.75,,,,,,,,,,,,,,,,,,,,,,,,,,,,,,,,,351.6726531,342.19510207959200,343.95020412040800,326.9140136442180,314.41768711360500
355.7384127,,,,112.13,,,,,,,,,,,,,,,,,,,,,,,,,,,0.0,,,,,,354.7384127,345.1906575979590,346.99256235986400,329.81596372040800,317.2728344687080
358.1333333,,,,113.25,,,,,,,,,,,,,,1.0,,,,,,,,,,,,,,,,,,,357.1333333,347.4451700346940,349.3172788782310,332.0470747965990,319.50394554489800
360.2869841,,,,114.25,,,,,,,,,,,,,1.0,,,,,,,,,,,,,,,,,,,,359.2869841,349.52861675306100,351.4475283176870,334.0135147122450,321.5639909027210
360.8253968,,,,114.5,,,,,,,,,,,,,,0.0,,,,,,,,,,,,,,,,,,,359.8253968,350.06702945306100,351.9859410176870,334.458321970068,321.9853968
361.3431293,,T2,f,114.75,,,,,,,,,,,,,,,,,,,,,,,,,,,,,,,,,360.3431293,350.561360592517,352.5036735176870,334.97605447006800,322.3627211367350
361.8488889,13.0,,,115.0,,,,,,0.0,0.0,1.0,,,,1.0,,,,,,,,,,,,,,,,,,,,,360.8488889,351.0437188319730,353.0094331176870,335.4818140700680,322.79827665510200
362.1155556,,,,115.13,,,,,,,,,,,0.0,,0.0,,,,,,,,,,,,,,,0.0,0.0,,,0.0,361.1155556,351.3103855319730,353.2760998176870,335.74848077006800,323.06494335510200
363.9619048,,,,116.0,,,,,,,,,,,1.0,,1.0,,,,,,,,,,,,,,1.0,1.0,1.0,,,1.0,362.9619048,353.08653065034000,355.0288435755100,337.4076190857140,324.8878911945580
364.2412698,,,,116.13,,,,,,,,,,0.0,,0.0,,,,,,,,,,,,,0.0,0.0,,,,,,,363.2412698,353.3658956503400,355.3082085755100,337.68698408571400,325.1672561945580
366.0495238,,,,117.0,,,,,,,,,,1.0,,1.0,,,,,,,,,,,,,1.0,1.0,,,,,,,365.0495238,355.1039455687080,357.093061214966,339.4484353646260,326.9521088340140
366.3136508,,,,117.13,,,,,,,,,,,0.0,,0.0,,,,,,,,,,,,,,0.0,,,,,,365.3136508,355.36807256870800,357.357188214966,339.66575964353700,327.2162358340140
368.1422222,,,,118.0,,,,,,,,,,,1.0,,1.0,,,,,,,,,,,,,,1.0,,,,,,367.1422222,357.1264398870750,359.16235825442200,341.4241269619050,328.9043990707480
369.1987302,,,,118.5,,,,,,,,,,0.0,0.0,0.0,0.0,,,,,,,,,,,,,,,,,,,,368.1987302,358.1127438054420,360.2188662544220,342.48063496190500,329.79709754693900
369.7574603,,,f,118.75,,,,1.0,1.0,,,0.0,0.0,,,,,,,,,,,,,,,,,,,,,,,,368.7574603,358.67147390544200,360.7541949938780,342.9223582591840,330.35582764693900
370.3002268,,,,119.0,,,,,,,,,,,,,,,,,,,,,,,,1.0,,,,,,,,,369.3002268,359.1674376843540,361.27356013333300,343.41832203809500,330.8985941469390
372.4165079,,,,120.0,,1.0,1.0,,,,,,,,,,,,,,,,,,,,,,,,,,,,,,371.4165079,361.2135147027210,363.3664398727890,345.4409976959180,332.91401360544200
372.9473016,,,,120.25,,0.0,0.0,,,,,,,,,,,,,,,,,,,,,0.0,,,,,,,,,371.9473016,361.72090704217700,363.8972335727890,345.9717913959180,333.4286621442180
374.4914286,,,,121.0,,,,,,,,,,,,,,,,,,,,,,,,1.0,,,,,,,,,373.4914286,363.1953741496600,365.39455785170100,347.3989115931970,334.8791837020410
376.5739683,,,,122.0,,1.0,1.0,,,,,,,,,,,,,,,,,,,,,,,,,,,,,,375.5739683,365.2071655789120,367.4302948306120,349.3644444904760,336.8213152387750
377.655873,,,,122.5,,0.0,0.0,,,,,,,,,,,,,,,,,,,,,,,,,,,,,,376.655873,366.2422675578230,368.51219953061200,350.39954646938800,337.8798185782310
378.2146032,,T1,b,122.75,,,,0.0,0.0,,,,,1.0,1.0,1.0,1.0,,,,,,,,,,,0.0,,,,,,,,,377.2146032,366.7775963972790,369.07092973061200,350.8880725877550,338.4385487782310
378.8146939,14.0,,,123.0,,,,,,,,,,,,,,,,,,,,,,,,,,,,,,,,,377.8146939,367.35428573673500,369.67102043061200,351.48816328775500,338.9281632653060
379.0933333,,,,123.13,,,,,,,,1.0,1.0,,,,,,,,,,,,,,,,,,,,,,,,378.0933333,367.60952377619000,369.90285710952400,351.76680268775500,339.20027207551000
381.1744218,,,,124.13,,1.0,1.0,1.0,1.0,,,,,,,,,,,,,,,,,1.0,,,,,,,,,,,380.1744218,369.59700683401400,371.98394560952400,353.7074830244900,341.1877551333330
382.5110204,,,,124.75,,0.0,0.0,0.0,0.0,,,,,,,,,,,,,,,,,0.0,,,,,,,,,,,381.5110204,370.93360543401400,373.32054420952400,354.9270748217690,342.47755101224500
383.3991837,,,,125.13,,,,,,,,,,,,,0.0,,,,,,,,,,,,,,,,,,,,382.3991837,371.7515646523810,374.2087075095240,355.8152381217690,343.272108870068
385.2190476,,,,126.0,,,,,,,,,,,,,1.0,,,,,,,,,,,,,,,,,,,,384.2190476,373.52462583129300,375.95836732789100,357.56489794013600,345.0685714095240
385.4755556,,,,126.13,,1.0,1.0,1.0,1.0,,,,,,,,,,,,,,,,,1.0,,,,,,,,,,,384.4755556,373.73433111020400,376.2148753278910,357.8214059401360,345.2080726068030
386.8364626,,,e,126.75,,,,,,,,,,,,,,,,,,,,,,,,,,,,,,,,,385.8364626,375.0952381102040,377.57578232789100,359.18231294013600,346.5689796068030
392.6857143,,,,129.5,,0.0,0.0,0.0,0.0,,,,,,,,,,,,,,,,,,,,,,,,,,,,391.6857143,380.82748300748300,383.3782313068030,364.7507483136050,352.2544217829930
394.1460317,,,,130.13,,,,,,,,,,,,,,1.0,,,,,,,,,,,,,,,,,,,393.1460317,382.21759632585000,384.7683446251700,366.1876643530610,353.64453510136100
395.3959184,,T2,f,130.75,,,,,,,,0.0,0.0,0.0,0.0,0.0,0.0,0.0,,,,,,,,0.0,,,,,,,,,,,394.3959184,383.42068030476200,385.99482996462600,367.29061224489800,354.7774149986400
395.9379592,15.0,,,131.0,,,,,,,,,,,,,,,,,,,,,,,,,,,,,,,,,394.9379592,383.96272110476200,386.5368707646260,367.81578232925200,355.3194557986400
398.2603175,,,,132.13,,,,,,,,,,,,,,1.0,,,,,,,,1.0,,,,,,,,,,,397.2603175,386.23827668367300,388.8592290646260,369.9977324659860,357.5248072959180
398.5549206,,,,132.25,,,,,,,,,,,,,,,,,,,,,0.0,,,,,,,,,,,,397.5549206,386.5031292517010,389.15383216462600,370.2923355659860,357.79600903537400
399.6277551,,,,132.75,,,,,,,,,,,,,,0.0,,,,,,,,0.0,,,,,,,,,,,398.6277551,387.5121088414970,390.22666666462600,371.318367344898,358.7986394537420
402.475102,,,,134.13,,,,,,,,,,,,,,1.0,,,,,,,,1.0,,,,,,,,,,,401.475102,390.2424489387760,393.0272108435370,374.00190472108800,361.52897955102000
402.7428571,,,,134.25,,,,,,,,,,,,,,,,,,,,,1.0,,,,,,,,,,,,401.7428571,390.5102040387760,393.2949659435370,374.24625846054400,361.7967346510200
403.8269388,,,,134.75,,,,,,,,,,,,,,0.0,,,,,,,,0.0,,,,,,,,,,,402.8269388,391.5110204081630,394.3556462829930,375.2236734693880,362.75074829932000
404.362449,,,,135.0,,,,,,,,,,,,,,,,,1.0,1.0,1.0,,,,,,,,,,,,,,403.362449,392.0361904965990,394.8443537619050,375.72544219727900,363.25251702721100
404.6432653,,,,135.13,,1.0,1.0,1.0,1.0,1.0,1.0,1.0,1.0,,,,,,,,,,0.0,,,,,,,,,,,,,,403.6432653,392.3170067965990,395.1251700619050,376.0062584972790,363.5333333272110
406.4609524,,,,136.0,,,,,,,,,,,,,,,,,,,1.0,,,,,,,,,,,,,,405.4609524,394.0410884544220,396.9194558013610,377.7069387945580,365.2340136244900
406.6946032,,,,136.13,,,,,,,,,,,,,,1.0,,,,,,,,1.0,,,,,,,,,,,405.6946032,394.25133789387800,397.1531066013610,377.8937868734690,365.4208617034010
406.9790476,,,,136.25,,0.0,0.0,0.0,0.0,0.0,0.0,0.0,0.0,,,,,,,,0.0,0.0,0.0,,,,,,,,,,,,,,405.9790476,394.53578229387800,397.4375510013610,378.1782312734690,365.70530610340100
408.0152381,,,,136.75,,,,,,,,,,,,,,0.0,,,,,,,,0.0,,,,,,,,,,,407.0152381,395.5485714333330,398.4737415013610,379.1910204129250,366.7180952428570
408.5638095,,,,137.0,,,,,,,,,,,,,,,,,1.0,1.0,1.0,,,,,,,,,,,,,,407.5638095,396.05034011224500,398.97551018027200,379.71619045238100,367.21986392176900
408.8380952,,,,137.13,,1.0,1.0,1.0,1.0,1.0,1.0,1.0,1.0,,,,,,,,,,,,,,,,,,,,,,,,407.8380952,396.32462581224500,399.24979588027200,379.9436734312930,367.4941496217690
411.4488889,,,,138.38,,,,,,,,,,,,,,1.0,,,,,,,,1.0,,,,,,,,,,,410.4488889,398.8184127095240,401.81378685918400,382.390657607483,369.9645351585030
412.215873,,T1,b,138.75,,0.0,0.0,,,,,,,1.0,1.0,1.0,1.0,,,,0.0,0.0,0.0,1.0,,,,,,,,,,,,,411.215873,399.53859408843500,402.5807709591840,383.1342403469390,370.6613151768710
412.7477551,16.0,,,139.0,,,,,,,,,,,,,,,,,,,,,,,,,,,,,,,,,411.7477551,400.0470748278910,403.1126530591840,383.6661224469390,371.12299319523800
413.0438095,,,,139.13,,,,,,0.0,0.0,0.0,0.0,,,,,,,,,,,,,,,,,,,,,,,,412.0438095,400.3431292278910,403.3853060986400,383.9289795918370,371.4190475952380
413.328254,,,,139.25,,,,,,,,,,,,,,0.0,,,,,,,,0.0,,,,,,,,,,,412.328254,400.6275737278910,403.6697505986400,384.15301590476200,371.7034920952380
414.3542857,,,,139.75,,,,,,,,,,,,,,,1.0,1.0,,,,,,,,,,,,,,,,,413.3542857,401.60680270680300,404.6723809380950,385.13224488367400,372.7061224346940
414.8139683,,,,140.0,,,,,,1.0,1.0,1.0,1.0,,,,,,,,,,1.0,,,,,,,,,,,,,,413.8139683,402.06648530680300,405.13206353809500,385.5217234020410,373.1658050346940
415.0857143,,,,140.13,,,,,,,,,,,,,,,,,,,,0.0,,,,,,,,,,,,,414.0857143,402.3224489795920,405.40380953809500,385.7934694020410,373.41414967415000
415.6836281,,,,140.38,,,,,,,,,,,,,,1.0,,,,,,,,1.0,,,,,,,,,,,414.6836281,402.8893423857140,406.00172333809500,386.39138320204100,374.0120634741500
416.4440816,,,,140.75,,,,,,,,,,,,,,,0.0,0.0,,,0.0,1.0,,,,,,,,,,,,,415.4440816,403.64979588571400,406.7621768380950,387.1518367020410,374.7491156136050
417.2277551,,,,141.13,,,,,,0.0,0.0,0.0,0.0,,,,,,,,,,,,,,,,,,,,,,,,416.2277551,404.43346938571400,407.5458503380950,387.9355102020410,375.48598639251700
417.4563265,,,,141.25,,,,,,,,,,,,,,0.0,,,,,,,,0.0,,,,,,,,,,,416.4563265,404.6620407857140,407.77442173809500,388.11727888095200,375.6911564319730
418.5404082,,,,141.75,,,,,,,,,,,,,,,1.0,1.0,,,,,,,,,,,,,,,,,417.5404082,405.72272112517000,408.8585034380950,389.13115649932000,376.72843541088400
419.0367347,,,,142.0,,,,,,1.0,1.0,1.0,1.0,,,,,,,,,,1.0,,,,,,,,,,,,,,418.0367347,406.21904762517000,409.3548299380950,389.6274829993200,377.2247619108840
419.2711111,,,,142.13,,,,,,,,,,,,,,1.0,,,,,,0.0,,1.0,,,,,,,,,,,418.2711111,406.4300226646260,409.58920633809500,389.8618593993200,377.3889342292520
420.5844898,,,e,142.75,,1.0,1.0,,,,,,,,,,,,,,,,,,,,,,,,,,,,,,419.5844898,407.72000000408200,410.879183677551,391.12843537823100,378.67891156870700
421.1591837,,,,143.0,,,,,,,,,,,,,,0.0,,,,,,1.0,0.0,,,,,,,,,,,,420.1591837,408.29469390408200,411.43047621700700,391.5861224755100,379.2536054687080
424.3134694,,,,144.5,,,,,,,,,,,,,,,,,,,0.0,0.0,,,,,,,,,,,,,423.3134694,411.37877552244900,414.53795919591800,394.6000000122450,382.1972789238100
429.0829932,,T2,f,146.75,,,,,,,,,,,,,,,,,,,,,,,,,,,,,,,,,428.0829932,416.05469388027200,419.1202721115650,399.0185034040820,386.5689795945580
429.6649433,17.0,,,147.0,,0.0,0.0,0.0,0.0,0.0,0.0,,,,,,,,0.0,0.0,1.0,1.0,1.0,1.0,,0.0,1.0,,,,,,,,,,428.6649433,416.6132426197280,419.6554194904760,399.5536507829930,387.1509296945580
429.9522902,,,,147.13,,,,,,,,,,0.0,0.0,0.0,0.0,,,,,,,,,,,,0.0,0.0,0.0,0.0,0.0,0.0,0.0,0.0,428.9522902,416.8771881591840,419.94276639047600,399.8409976829930,387.4382765945580
431.672381,,,,148.0,,,,,,,,,,1.0,1.0,1.0,1.0,,1.0,1.0,,,,,,,,,1.0,1.0,1.0,1.0,1.0,,,,430.672381,418.527074877551,421.5692517482990,401.42068031972800,389.0647619523810
432.1930159,,,,148.25,,1.0,1.0,1.0,1.0,1.0,1.0,0.0,0.0,,,,,,,,0.0,0.0,0.0,0.0,1.0,1.0,0.0,,,,,,,1.0,1.0,1.0,431.1930159,419.04770977755100,422.08988664829900,401.94131521972800,389.53859413129300
432.7720635,,,,148.5,,,,,,,,,,,,,,,,,,,,,,0.0,,,,,,,,,,,431.7720635,419.5799546564630,422.64553288775500,402.49696145918400,390.1176417312930
433.7052154,,,,149.0,,0.0,0.0,0.0,0.0,0.0,0.0,1.0,1.0,0.0,0.0,0.0,0.0,,0.0,0.0,1.0,1.0,1.0,1.0,0.0,,1.0,,0.0,0.0,0.0,0.0,0.0,0.0,0.0,0.0,432.7052154,420.4663038353740,423.5786847877550,403.3833106380950,390.9337868285710
435.687619,,,,150.0,,,,,,,,,,1.0,1.0,1.0,1.0,,1.0,1.0,,,,,,,,,1.0,1.0,1.0,1.0,1.0,,,,434.687619,422.4253060748300,425.49088430612200,405.2487074353740,392.8225849863950
436.1665306,,,,150.25,,1.0,1.0,1.0,1.0,1.0,1.0,0.0,0.0,,,,,,,,0.0,0.0,0.0,0.0,1.0,1.0,0.0,,,,,,,1.0,1.0,1.0,435.1665306,422.90421767483000,425.9697959061220,405.70421767483000,393.3014965863950
437.2897959,,T1,b,150.75,,,,,,,,,,,,,,,,,,,,,,,,,,,,,,,,,436.2897959,423.9572788931970,427.06965984557800,406.7338775326530,394.3077550836740
437.7077551,,,,151.0,,0.0,0.0,,,,,1.0,1.0,,,,,,,,1.0,,1.0,,,,1.0,,,,,,,,,,436.7077551,424.3518367326530,427.4876190455780,407.1518367326530,394.7257142836740
437.9602721,,,,151.13,,,,,,,,0.0,0.0,,,,,,,,,,,,,0.0,,,,,,,,,,,436.9602721,424.604353732653,427.74013604557800,407.404353732653,394.9782312836730
438.2069841,,,,151.25,,,,,,,,,,,,,,,,,,,0.0,1.0,,,,,,,,,,,,,437.2069841,424.85106573265300,427.96344668503400,407.6510657326530,395.22494328367300
438.7091156,,,,151.5,,,,,,,,,,,,,,,,,0.0,1.0,,,,,,,,,,,,,,,437.7091156,425.32979587210900,428.4187754639460,408.10639451156500,395.63346934149700
439.6698413,,,,152.0,,,,,,,,1.0,1.0,,,,,,,,1.0,0.0,1.0,0.0,,,,,,,,,,,,,438.6698413,426.26712021156500,429.3560998034010,409.0671202115650,396.54739232040800
439.9252608,,,a,152.13,,,,,,,,,,,,,,1.0,,0.0,,,,,,1.0,,,,,,,,,,,438.9252608,426.5225397115650,429.58811794285700,409.27573699047600,396.7560090993200
440.1864853,,,,152.25,,1.0,1.0,,,,,,,,,,,,,,,,0.0,1.0,,,,,,,,,,,,,439.1864853,426.7837642115650,429.84934244285700,409.46675740884400,396.99383223877600
440.7437642,,,,152.5,,,,,,,,,,,,,,,,,0.0,1.0,,,,,,,,,,,,,,,439.7437642,427.3176417510200,430.38321998231300,410.02403630884400,397.5277097782310
441.2720181,,,,152.75,,,,,,,,,,,,,,,,,,,,,,0.0,,,,,,,,,,,440.2720181,427.82249429047600,430.9114738823130,410.5054874877550,397.96235823605400
441.7654422,,,,153.0,,,,,,,,,,,,,,,,,1.0,0.0,1.0,0.0,,,,,,,,,,,,,440.7654422,428.3159183904760,431.3814966217690,410.9989115877550,398.4557823360550
442.0208617,,,,153.13,,,,,,,,0.0,0.0,,,,,,0.0,,,,,,,,,,,,,,,,,,441.0208617,428.5319727891160,431.6369161217690,411.2543310877550,398.7112018360550
442.2730159,,,,153.25,,,,,,,,,,,,,,,,1.0,,,0.0,1.0,,,,,,,,,,,,,441.2730159,428.7532880088440,431.8890703217690,411.4830839272110,398.96335603605400
442.7813152,,,,153.5,,,,,,,,,,,,,,,,,0.0,1.0,,,,,,,,,,,,,,,441.7813152,429.2615873088440,432.3973696217690,411.99138322721100,399.4440816326530
443.2544218,,,,153.75,,,,,,,,,,,,,,,,,,,,,,,,,,,,,,,,,442.2544218,429.73469390884400,432.8704762217690,412.4644898272110,399.8043537727890
443.7043084,,,,154.0,,,,,,,,1.0,1.0,,,,,,,,1.0,0.0,1.0,0.0,,,,,,,,,,,,,442.7043084,430.1845805088440,433.3203628217690,412.8675737061220,400.2542403727890
443.9669841,,,a,154.13,,,,,,,,,,,,,,,,,,,,,,1.0,,,,,,,,,,,442.9669841,430.4472562088440,433.5830385217690,413.1302494061220,400.51691607278900
444.2133333,,,,154.25,,,,,,,,,,,,,,,,,,,0.0,1.0,,,,,,,,,,,,,443.2133333,430.6936054088440,433.8293877217690,413.3765986061220,400.7632652727890
444.7339683,,,,154.5,,,,,,,,,,,,,,,,,0.0,1.0,,,,,,,,,,,,,,,443.7339683,431.1908390482990,434.3032200006800,413.8504308850340,401.26049891224500
445.2419048,,,e,154.75,,,,,,,,0.0,0.0,0.0,0.0,0.0,0.0,,,,,,,,,,,,,,,,,,,,444.2419048,431.67537418775500,434.8111565006800,414.358367385034,401.7684354122450
445.7346032,18.0,,,155.0,,,,,,,,,,,,,,,1.0,,1.0,,1.0,,0.0,,0.0,,,,,,,,,,444.7346032,432.1446712272110,435.2804535401360,414.7808617034010,402.2143310911570
448.7488435,,,,156.5,,,,,,,,,,,,,,,,,0.0,0.0,,,,,,,,,,,,,,,447.7488435,435.065306085034,438.2010883979590,417.6780952006800,404.9477550646260
451.5149206,,,,158.0,,,,,,,,,,,,,,,,,,,,,1.0,,,,,,,,,,,,450.5149206,437.8079818244900,440.9671654979590,420.3505668585030,407.6436280829930
451.7384127,,,,158.13,,,,,,,,,,,,,,,,,1.0,1.0,,,,,,,,,,,,,,,450.7384127,438.0314739244900,441.1906575979590,420.5740589585030,407.8671201829930
452.0126984,,,,158.25,,,,,,,,,,,,,,,,,,,,,,,,,,,,,,,,,451.0126984,438.3057596244900,441.46494329795900,420.8483446585030,408.1414058829930
452.9980952,,Co.,e,158.75,,0.0,0.0,,,0.0,0.0,1.0,1.0,1.0,1.0,1.0,1.0,0.0,0.0,0.0,,,,,,0.0,,,,,,,,,,,451.9980952,439.2443537034010,442.4503400979590,421.78693873741500,409.12680268299300
453.4755556,,,,159.0,,,,,,,,,,,,,,,,,,,,,,1.0,1.0,,,,,,,,,,452.4755556,439.7218141034010,442.8809977768710,422.1941950557820,409.5340590013610
455.3026757,,,,160.0,,,,,,,,,,,,,,,,,,,,,,,,,,,,,,,,,454.3026757,441.50213148231300,444.68471651632700,423.95111107415000,411.26757365918400
455.8048073,,,,160.25,,,1.0,,,,,,,,,,,,,,,,,,,,,,,,,,,,,,454.8048073,442.00426308231300,445.18684811632700,424.4532426741500,411.7697052591840
456.2895238,,,,160.5,,1.0,,,,1.0,1.0,,,,,,,1.0,1.0,1.0,,,,,,,,,,,,,,,,,455.2895238,442.4889795823130,445.6715646163270,424.8911564530610,412.2076190380950
456.7873016,,,,160.75,,,,,,,,,,,,,,,,,,,,,,,,,,,,,,,,,455.7873016,442.98675738231300,446.1693424163270,425.31873017142900,412.6585941170070
457.2270295,,,,161.0,,,,,,,,,,,,,,,,,,,,,,,,,,,,,,,,,456.2270295,443.4264852823130,446.6090703163270,425.75845807142900,413.0983220170070
458.1093878,,,,161.5,,,,,,,,,,,,,,,,,,,,,,,,,,,,,,,,,457.1093878,444.2854422217690,447.4680272557820,426.59401365034000,413.91047623537400
459.0672109,,,,162.0,,,,,,,,,,,,,,,,,,,,,,,,,,,,,,,,,458.0672109,445.2432653217690,448.4258503557820,427.55183675034000,414.86829933537400
460.6258503,,End,,162.63,0.0,0.0,0.0,0.0,0.0,0.0,0.0,0.0,0.0,0.0,0.0,0.0,0.0,0.0,0.0,0.0,0.0,0.0,0.0,0.0,0.0,0.0,0.0,0.0,0.0,0.0,0.0,0.0,0.0,0.0,0.0,0.0,459.6258503,446.6614965585030,449.91428567415000,428.9466666265310,416.42693873537400