S_1,C1_Sae1,C1_Sae2,mm,Conductor,Flute_1,Flute_2,Oboe_1,Oboe_2,Clarinet_1,Clarinet_2,Bassoon_1,Bassoon_2,Horn_1,Horn_2,Horn_3,Horn_4,Trumpet_1,Trumpet_2,Trumpet_3,Trombone_1,Trombone_2,Trombone_Bass,Tuba,Perc_Tympani,Perc_Batt,Perc_GC,Harp,Vn_solo,Violin_1,Violin_2,Va_solo,Viola,Vc_Solo,Cello,Contrabass,RD_Sae1,RD_Sae2,RR_Saev
1.019501134,0.019501134,0.019501134,1.0,1.0,0.0,0.0,0.0,0.0,0.0,0.0,0.0,0.0,0.0,0.0,0.0,0.0,0.0,0.0,0.0,0.0,0.0,0.0,0.0,0.0,1.0,0.0,1.0,0.0,0.0,0.0,0.0,0.0,0.0,0.0,0.0,0.019501134,-0.0039002265442177700,-0.0039002265442177700
2.53968254,1.53968254,1.7268934243537400,1.25,,,,,,,,,,1.0,,,,,,,,,,,,0.0,,,,,,,,,,,1.53968254,1.4928798189115600,1.4928798189115600
9.204535147,8.204535147,8.181133786455780,2.5,,,,,,,,,,0.0,,,,,,,,,,,,,1.0,,,,,,,,,,7.572698412306120,6.917460317068030,6.543038548360540
12.078730159,11.078730159,10.47029478485030,3.0,,,,,,,,,,,,,,,,,,,,,,,0.0,,,,,,,,,,9.885260771244900,9.300226757639450,9.230022676006800
13.670748299,12.670748299,12.03891156430610,3.25,,,,,,,,,,,,1.0,,,,,,,,,,,,,,,,,,,,,11.407074829612200,10.634829931653100,10.822040816006800
21.461043084,20.461043084,19.197369614612200,4.5,,,,,,,,,,,,0.0,,,,,,,,,,,,,,,,,,,,,18.2145124717551,17.559274376517000,16.857233560190500
24.025396825,23.025396825,21.036281178741500,5.0,,,,,,,,,,,,,,,,,,,,,,,1.0,,,,,,,,,,20.622857142857100,19.1875736957483,18.961360544217700
25.58984127,24.58984127,22.390113378843500,5.25,,,,,,,,,,1.0,,,,,,,,,,,,,0.0,,,,,,,,,,22.039092970680300,20.494603174761900,20.45904761904760
28.36462585,27.36462585,24.954285713945600,5.75,,,,,,,,,,,,,,,,,,,,,,,,,,,,,,,,1.0,24.673469387415000,23.17578231258500,22.56734693843540
29.851428571,28.851428571,26.441088434945600,6.0,,,,,,,,,,0.0,,,,,,,,,,,,,,,,,,,,,,,26.16027210841500,24.568979591408200,23.398911564197300
33.711746032,32.711746032,30.301405895945600,6.75,,,,,,,,,,,,,,,,,,,,,,,,,,,,,,1.0,1.0,,29.833378685061200,28.429297052408200,27.25922902519730
35.281269841,34.281269841,31.870929704945600,7.0,,,,,,,,,,,,,,,,,,,,,,,,0.0,,,,,,,,,31.40290249406120,29.998820861408200,28.828752834197300
39.002267574,38.002267574,35.73233560121090,7.75,,,,,,,,,,,,,,,,,,,,,,,,,,,,1.0,1.0,,,,35.10049886651700,33.71981859440820,32.54975056719730
49.052154195,48.052154195,45.96943310656460,9.75,,,,,,,,1.0,1.0,,,,,,,,,,,,,,,,,,,,,,,,44.448344671190500,43.88671201812930,41.35936507935370
50.364081633,49.364081633,47.32816326565310,10.0,,,,,,,,,,,,,,,,,,,,,,,,,,,,0.0,0.0,0.0,0.0,,45.69006802755780,45.19863945612920,42.55428571463270
63.038548753,62.038548753,60.42385487544900,12.75,,,,,,,,,,1.0,,,,,,,,,,,,,,,,,,,,,,,58.22412698429250,58.15392290265990,54.667120181571400
68.45968254,67.45968254,65.28335600938780,13.75,,,,,,,,,,,,,,,,,,,,,,,,,,,,1.0,1.0,,,,63.6218594107483,63.57505668965990,59.17560090734700
70.084353741,69.084353741,66.81442176821090,14.0,,,,,,,,,,,,,,,,,,,,,,,,,,,,,,1.0,1.0,,65.19972789065990,64.82530612195240,60.58965986344900
72.555102041,71.555102041,69.0511564627687,14.5,,,,,,,,0.0,0.0,0.0,,,,,,,,,,,,,,,,,,,,,,,67.36625850358500,66.99183673487760,62.10095238113610
84.114285714,83.114285714,80.23591836706120,16.75,,,,,,,,,,1.0,,,,,,,,,,,,,,,,,,,,,,,78.99564625821770,78.05959183644900,72.34965986365990
97.66893424,96.66893424,93.43954648489800,19.25,,,,,,,,,,,,,,,,,,,,,,,,,,,,0.0,0.0,,,,92.08226757333330,90.37396825360540,83.70458049850340
103.725714286,102.725714286,99.44952380980950,20.5,,,,,,,,,,0.0,,,,,,,,,,,,,,,,,,,,,,,98.02204081661220,96.40734693906120,88.9891156465442
110.976870748,109.976870748,106.70068027181000,21.75,,,,,,,,1.0,,,,,,,,,,,,,,,,,,,,,,,,,105.27319727861200,103.19047619017700,95.39020408163270
114.989569161,113.989569161,110.54956916100000,22.75,,,,,,,,,,,,,,,,,,,,,,,,,,,,,,,,0.0,109.14548752834700,106.92235827664600,98.73188208617010
119.16553288,118.16553288,114.46811791401400,23.75,,,,,,1.0,,0.0,,,,,,,,,,,,,,,,,,,,,,,,,113.34485260789100,110.72390022693900,102.36961451265300
123.263129252,122.263129252,118.58911564655800,24.75,,,,,,,,,,,,,,,,,,,,,,,,,,,,1.0,1.0,0.0,0.0,,117.5126530615240,114.28326530642200,105.8353741499590
126.511020408,125.511020408,121.79020408146900,25.5,,,,,,,,,,,,,,,,,,,,,,,,1.0,,,,,,,,1.0,120.76054421752400,117.03972789099300,108.35782312908800
127.599455782,126.599455782,122.8786394554690,25.75,,,,,,0.0,,1.0,,,,,,,,,,,,,,,,,,,,,,,,,121.84897959152400,118.01115646227200,109.28244897927900
133.079365079,132.079365079,128.26494331029300,27.0,,,,,,,,,,,,,,,,,,,,,,,,,,,,,,1.0,1.0,,127.30548752798000,122.81242630349000,113.52208616743500
136.298231293,135.298231293,131.57741496646900,27.75,,,,,,,,0.0,,,,,,,,,,,,,,,,,,,,0.0,0.0,,,,130.5477551025240,125.46095238095200,116.10911564674100
139.972789116,138.972789116,135.532789116,28.75,,,,,,1.0,1.0,,,1.0,,,,,,,,,,,,,,,,,,,,,,,134.29251700715600,129.0506122452520,119.66666666702000
140.939319728,139.939319728,136.499319728,29.0,,,,,,,,,,,,,,,,,,,,,,,,,,,,,,0.0,0.0,,135.25904761915600,130.01714285725200,120.58639455793200
143.612517007,142.612517007,139.172517007,29.75,,,,,,,,,,,,,,,,,,,,,,,,,,,,1.0,1.0,,,,137.93224489815600,132.38612244917700,123.11918367366700
144.622585034,143.622585034,140.18258503400000,30.0,,,,,,,0.0,,,,1.0,,,,,,,,,,,,,,,,,,,1.0,1.0,,138.94231292515600,133.39619047617700,124.01224489794600
147.992380952,146.992380952,143.6927891152650,31.0,,,,,,,,,,,,,,,,,,,,,,,,,,,,,,0.0,0.0,,142.21850340098000,136.461768707102,126.84380952342900
150.51755102,149.51755102,146.35836734653100,31.75,,1.0,,,,,,,,,,,,,,,,,,,,,,,,,,,,1.0,1.0,,144.7202721084350,138.963537414966,129.22857142816300
151.370884354,150.370884354,147.28190476216300,32.0,,,,,,,,1.0,,,,,,,,,,,,,,,,,,,,,,,,,145.55020408189100,139.58285714311600,130.08190476216300
153.730612245,152.730612245,149.78204081642900,32.75,,0.0,,,,0.0,,0.0,,0.0,0.0,,,,,,,,,,1.0,,,,,,,,,,,,147.8163265307140,141.91918367357100,132.30122448989800
155.071564626,154.071564626,151.19319727906100,33.25,,,,1.0,,,,,,,,,,,,,,,,,,,,,1.0,1.0,1.0,,,,,,149.11047619062600,143.26013605457100,133.64217687089800
156.482176871,155.482176871,152.69741496623800,33.75,,,,,,,,,,,,,,,,,,,,,,,,,,,,,,,,,150.49768707508200,144.67074829957100,135.07619047644200
157.422585034,156.422585034,153.70802721087100,34.083,,,,,,,,,,,,,,,,,,,,,,,,,,,,,,,,,151.43809523808200,145.61115646257100,136.0165986394420
157.831836735,156.831836735,154.11727891187100,34.25,,,,,,1.0,1.0,,,,,,,,,,,,,,0.0,,,,,,,,,,,,151.8473469390820,146.0204081635710,136.42585034044200
158.206258503,157.206258503,154.49170067987100,34.375,,,,,,,,,,,,,,,,,,,,,,,,,0.0,0.0,0.0,0.0,0.0,,,,152.22176870708200,146.39482993157100,136.8470748295310
160.06675737,159.06675737,156.35219954687100,35.0,,,,0.0,,,,,,,,,,,,,,,,,,,,1.0,,,,,,0.0,0.0,,154.08226757408200,148.27873015911600,138.7075736965310
160.357006803,159.357006803,156.64244897987100,35.125,,,,,,,,1.0,1.0,1.0,1.0,1.0,1.0,1.0,,,,,,,,,,,1.0,1.0,1.0,1.0,1.0,,,,154.37251700708200,148.56897959211600,138.9978231295310
160.687891156,159.687891156,156.97333333287100,35.25,,,,,,0.0,0.0,0.0,0.0,0.0,0.0,0.0,0.0,0.0,,,,,,,,,,,0.0,0.0,0.0,0.0,0.0,,,,154.70340136008200,148.89986394511600,139.3287074825310
162.899002268,161.899002268,159.18444444487100,36.0,,,,,,,,,,,,,,,,,,,,,,,,0.0,,,,,,,,,156.79537414966000,151.0641723360270,141.5398185945310
164.928435374,163.928435374,161.21387755087100,36.75,,,,,,1.0,1.0,,,,,,,,,,,,,,,,,,1.0,1.0,1.0,,,,,,158.80353741481600,153.0936054420270,143.61605442161900
166.31292517,165.31292517,162.57496598632700,37.167,,,,1.0,1.0,,,,,,,,,,,,,,,,,,,1.0,,,,1.0,1.0,,,,160.09442176863900,154.45469387748300,144.97714285707500
166.696054422,165.696054422,162.9346938777820,37.33,,,,,,,,,,,,,,,,,,,,,,,,,,,,,,1.0,1.0,,160.46938775510200,154.7208163267620,145.21170068027200
169.935238095,168.935238095,166.08027210860500,38.67,,,,,,,,,,,,,,,,,,,,,,,,0.0,,,,,,,,,163.69333333309500,157.58557823105400,148.03782312901400
172.8,171.8,169.1322448979590,39.67,,,,0.0,0.0,0.0,0.0,,,,,,,,,,,,,,,,,,0.0,0.0,0.0,0.0,0.0,,,,166.55809523809500,160.1461224489800,150.6174149659860
183.814965986,182.814965986,180.0770068023270,43.5,,,,,,,,,,,,,,,,,,,,,,,,,,,,,,0.0,0.0,,177.3624489791970,170.31863945538800,160.18585033974100
186.769705215,185.769705215,182.39990929663300,44.33,,,,,,,,,,1.0,,,,,,,,,,,,,,,,,,,,,,,180.31718820819700,172.40408163265300,162.3683446707820
204.788390023,203.788390023,197.11900226789800,50.67,,,,,,,,,,,,,,,,,,,,,,,,,,,,1.0,,,,,197.77424036313600,186.91600907061900,177.27156462585000
217.16462585,216.16462585,209.2612244894560,54.75,,,,,,,,,,,,,,,,,,,,,,,,,1.0,,,0.0,,,,,209.47183673435400,198.87102040782300,188.12979591802700
218.331428571,217.331428571,210.42802721045600,55.0,,,,,,,,,,,,,,,,,,,,,,,,1.0,,,,,,,,,210.56843537372100,199.73360544174800,189.1561904757620
221.065578231,220.065578231,213.02176870719000,56.0,,,,,,,,,,,,,,,,,,,,,,,,0.0,,,,,,,,,212.99836734664600,202.37414965957100,191.82013605412900
228.345034014,227.345034014,220.0906122452930,58.75,,,,,,,,,,,,,,,,,,,,,,,,,0.0,,,1.0,1.0,,,,220.13741496638100,209.53659863985000,198.5145578235240
229.268027211,228.268027211,221.1072108844690,59.0,,,,,,,,,,1.0,,1.0,,,,,,,,,,,,1.0,,,,,,,,0.0,221.06040816338100,210.45959183685000,199.3907482994350
237.958095238,236.958095238,229.63346938766000,62.13,,,,,,,,,,,,0.0,,,,,,,,,,,,,,,,,,,,,229.77387755092500,218.77523809514300,207.30857142847600
239.525442177,238.525442177,231.20081632666000,62.75,,,,,,,,,,,,,,,,,,,,,,,,,1.0,1.0,,0.0,0.0,,,,231.3412244899250,220.248979591966,208.852517006932
240.448435374,239.448435374,232.12380952366000,63.0,,,,,,,,,,,,,,,,,,,,,,1.0,,,,,,,,,,,232.26421768692500,221.0549659862450,209.70530612229900
242.956190476,241.956190476,234.5847619045710,64.0,,,,,,,,,,,,,,,,,,,,,,0.0,,,,,,,,,,,234.74857142838100,223.4457142855240,211.95564625831300
249.748027211,248.748027211,241.11918367358500,66.75,,,,,,,,,,,,,,,,,,,,,,,,,0.0,0.0,,1.0,1.0,,,,241.68081632664600,229.44190476202000,218.0922448980750
251.646258503,250.646258503,243.01741496558500,67.5,,,,,,,,,,0.0,,1.0,,,,,,,,,,,,,,,,,,,,,243.6258503397350,231.34013605402000,219.90884353741500
267.633197279,266.633197279,258.7235374150540,74.0,,,,,,,,,,,,,,,,,,,,,,,,,1.0,1.0,1.0,,,,,,259.7765986395440,246.4144217687960,234.745306122449
269.618503401,268.618503401,260.7322448975990,74.75,,,,,,,,,,,,,,,,,,,,,,,,,0.0,0.0,0.0,,,,,,261.85551020372100,248.2827210880750,236.65224489759900
270.315102041,269.315102041,261.4288435375990,75.0,,,,,,1.0,,,,1.0,,0.0,,,,,,,,,,,,,,,,,,,,,262.55210884372100,248.9793197280750,237.30204081651000
277.664217687,276.664217687,268.8013605441430,78.0,,,,,,,,,,,,,,,,,,,,,,,,,,,1.0,,,,,,269.994829931898,255.95401360536700,244.3469387754350
278.273741497,277.273741497,269.41088435414300,78.25,,,,,,0.0,,,,,,,,,,,,,,,,,,,,,,,,,,,270.60435374189800,256.56353741536700,244.86285714325900
279.56244898,278.56244898,270.69959183714300,78.75,,,,,,,,,,,,,,,,,,,,,,,,,1.0,1.0,,0.0,0.0,,,,271.89306122489800,257.78204081673500,246.10476190517000
280.241632653,279.241632653,271.3787755101430,79.0,,,,,,,,,,0.0,,1.0,,,,,,,,,,,,,,,,,,,,,272.57224489789800,258.4612244897350,246.7839455781700
289.227755102,288.227755102,280.06068027206800,82.75,,,,1.0,,,,,,,,,,,,,,,,,,,,,0.0,0.0,,,,,,,281.4647619047210,266.81551020404100,255.1616326530200
289.854693878,288.854693878,280.6642176875240,83.0,,,,,,1.0,,1.0,,,,0.0,,,,,,,,,,,,,,,,,,,,,282.0917006807210,267.4424489800410,255.7885714290200
290.499047619,289.499047619,281.28517006798000,83.25,,,,,,,,,,,,,,,,,,,,,,,,,,,0.0,,,,,,282.73605442172100,267.99319727886400,256.2691156462110
298.718911565,297.718911565,289.3646258507140,86.75,,,,,1.0,,,,,,,,,,,,,,,,,,,,,,,,,,,,290.65170068064600,275.6982312928910,263.8337414969730
299.485170068,298.485170068,290.10748299317000,87.0,,,,,,,,0.0,,,,,,,,,,,,,,,,,,,,,,1.0,,,291.3477551020140,276.4410884353470,264.4595918367080
308.83047619,307.83047619,299.42938775462600,91.0,,,,,,,1.0,,,,,,,,,,,,,,,,,,,,,1.0,1.0,,1.0,,300.48244897911600,285.3183673464630,273.1730612240140
311.197460317,310.197460317,301.7261677999930,92.0,,,,,,0.0,0.0,1.0,1.0,1.0,,,,,,,,,,,,,,,,,,0.0,0.0,0.0,0.0,,302.779229024483,287.52154194965300,275.3762358272040
313.605079365,312.605079365,304.01678004527200,93.0,,,,,,1.0,1.0,0.0,0.0,0.0,,,,,,,,,,,,,,,,,,1.0,1.0,1.0,1.0,,305.13659863945600,289.83555555547600,277.62004535139500
315.911111111,314.911111111,306.2994104307280,94.0,,,,,,0.0,0.0,1.0,1.0,1.0,,,,,,,,,,,,,,,,,,0.0,0.0,0.0,0.0,,307.42267573685000,292.11818594093200,279.8324716552180
317.777777778,316.777777778,308.09587301609500,94.75,,,,0.0,0.0,1.0,,,,,,,,,,,,,,,,,,,,,,,,,,,309.2191383222180,293.7976417235780,281.4417233562310
318.331428571,317.331428571,308.64952380909500,95.0,,1.0,1.0,,,,,0.0,0.0,0.0,,,,,,,,,,,1.0,,,0.0,,,,,,1.0,1.0,,309.7727891152180,294.35129251657800,281.9953741492310
322.664126984,321.664126984,313.0056235826400,97.0,,,0.0,,,,,,,,,,,,,,,,,,,,,,,,,,,,,,314.0820861676740,298.61378684794600,286.1408616778780
324.35047619,323.35047619,314.6919727886400,97.25,,,,,,,,,,,,,,1.0,,,,,,,,,,,,,,,,,,,315.6982312920410,300.25333333285700,287.8038095233330
324.909206349,323.909206349,315.2273015870950,98.0,,,,,,,,,,,,,,,,,,,,,,,,,,,,,,,,1.0,316.2335600904970,300.81206349185700,288.26893424015600
326.019047619,325.019047619,316.3371428570950,98.5,,,,,,,,,,,,,,0.0,,,,,,,,,,,,,,,,,,,317.3434013604970,301.92190476185700,289.3085714285240
326.577777778,325.577777778,316.8958730160950,98.75,,0.0,,,,0.0,,1.0,,,,,,,,,,,,,,,,,,,,1.0,1.0,,,,317.9021315194970,302.43383219976900,289.8673015875240
327.164444444,326.164444444,317.4825396820950,99.0,,,,,,,,,,,,,,,,,,,,,,,,,1.0,1.0,,,,,,,318.48879818549700,303.02049886576900,290.45396825352400
335.307755102,334.307755102,325.34503401356500,102.75,,,,,,,,0.0,1.0,,,,,,,,,,,,,,,,,,,0.0,0.0,,,,326.6087074829520,310.6723809523400,298.08244897955100
344.548571429,343.548571429,334.3284353745780,107.0,,,,,,1.0,1.0,,,1.0,1.0,,,,,,,,,,,,,,,,1.0,,,,,,335.82612244940800,319.25795918410200,306.8084353745780
344.807619048,343.807619048,334.5874829935780,107.13,,,,,,,,,,,,,,,,,,,,,,,,,,,,1.0,1.0,,,,336.08517006840800,319.4702040820140,307.044081633034
355.738412698,354.738412698,345.1906575959590,112.13,,,,,,,,,,,,,,,,,,,,,,,,,,,0.0,,,,,,346.9925623578640,329.8159637184080,317.2728344667080
358.133333333,357.133333333,347.4451700676940,113.25,,,,,,,,,,,,,,1.0,,,,,,,,,,,,,,,,,,,349.3172789112310,332.0470748295990,319.5039455778980
360.286984127,359.286984127,349.52861678006100,114.25,,,,,,,,,,,,,1.0,,,,,,,,,,,,,,,,,,,,351.4475283446870,334.0135147392450,321.5639909297210
360.825396825,359.825396825,350.0670294780610,114.5,,,,,,,,,,,,,,0.0,,,,,,,,,,,,,,,,,,,351.98594104268700,334.458321995068,321.98539682500000
361.848888889,360.848888889,351.0437188209730,115.0,,,,,,0.0,0.0,1.0,,,,1.0,,,,,,,,,,,,,,,,,,,,,353.0094331066870,335.4818140590680,322.79827664410200
362.115555556,361.115555556,351.31038548797300,115.13,,,,,,,,,,,0.0,,0.0,,,,,,,,,,,,,,,0.0,0.0,,,0.0,353.2760997736870,335.74848072606800,323.06494331110200
363.961904762,362.961904762,353.08653061234000,116.0,,,,,,,,,,,1.0,,1.0,,,,,,,,,,,,,,1.0,1.0,1.0,,,1.0,355.0288435375100,337.4076190477140,324.8878911565580
364.241269841,363.241269841,353.36589569134000,116.13,,,,,,,,,,0.0,,0.0,,,,,,,,,,,,,0.0,0.0,,,,,,,355.3082086165100,337.68698412671400,325.16725623555800
366.04952381,365.04952381,355.1039455787080,117.0,,,,,,,,,,1.0,,1.0,,,,,,,,,,,,,1.0,1.0,,,,,,,357.093061224966,339.44843537462600,326.9521088440140
366.313650794,365.313650794,355.36807256270800,117.13,,,,,,,,,,,0.0,,0.0,,,,,,,,,,,,,,0.0,,,,,,357.357188208966,339.66575963753700,327.2162358280140
368.142222222,367.142222222,357.1264399090750,118.0,,,,,,,,,,,1.0,,1.0,,,,,,,,,,,,,,1.0,,,,,,359.16235827642200,341.4241269839050,328.9043990927480
369.198730159,368.198730159,358.11274376444200,118.5,,,,,,,,,,0.0,0.0,0.0,0.0,,,,,,,,,,,,,,,,,,,,360.2188662134220,342.48063492090500,329.79709750593900
369.757460317,368.757460317,358.67147392244200,118.75,,,,1.0,1.0,,,0.0,0.0,,,,,,,,,,,,,,,,,,,,,,,,360.7541950108780,342.9223582761840,330.3558276639390
370.300226757,369.300226757,359.1674376413540,119.0,,,,,,,,,,,,,,,,,,,,,,,,1.0,,,,,,,,,361.27356009033300,343.41832199509500,330.8985941039390
372.416507937,371.416507937,361.2135147397210,120.0,,1.0,1.0,,,,,,,,,,,,,,,,,,,,,,,,,,,,,,363.3664399097890,345.4409977329180,332.91401360544200
372.947301587,371.947301587,361.7209070291770,120.25,,0.0,0.0,,,,,,,,,,,,,,,,,,,,,0.0,,,,,,,,,363.89723355978900,345.9717913829180,333.4286621312180
374.491428571,373.491428571,363.1953741496600,121.0,,,,,,,,,,,,,,,,,,,,,,,,1.0,,,,,,,,,365.3945578227010,347.39891156419700,334.87918367304100
376.573968254,375.573968254,365.2071655329120,122.0,,1.0,1.0,,,,,,,,,,,,,,,,,,,,,,,,,,,,,,367.4302947846120,349.36444444447600,336.82131519277500
377.655873016,376.655873016,366.2422675738230,122.5,,0.0,0.0,,,,,,,,,,,,,,,,,,,,,,,,,,,,,,368.51219954661200,350.39954648538800,337.8798185942310
378.214603175,377.214603175,366.7775963722790,122.75,,,,0.0,0.0,,,,,1.0,1.0,1.0,1.0,,,,,,,,,,,0.0,,,,,,,,,369.07092970561200,350.8880725627550,338.43854875323100
379.093333333,378.093333333,367.6095238091900,123.13,,,,,,,,1.0,1.0,,,,,,,,,,,,,,,,,,,,,,,,369.9028571425240,351.76680272075500,339.20027210851000
381.174421769,380.174421769,369.59700680301400,124.13,,1.0,1.0,1.0,1.0,,,,,,,,,,,,,,,,,1.0,,,,,,,,,,,371.98394557852400,353.7074829934900,341.1877551023330
382.511020408,381.511020408,370.93360544201400,124.75,,0.0,0.0,0.0,0.0,,,,,,,,,,,,,,,,,0.0,,,,,,,,,,,373.32054421752400,354.9270748297690,342.4775510202450
383.399183673,382.399183673,371.7515646253810,125.13,,,,,,,,,,,,,0.0,,,,,,,,,,,,,,,,,,,,374.2087074825240,355.8152380947690,343.272108843068
385.219047619,384.219047619,373.5246258502930,126.0,,,,,,,,,,,,,1.0,,,,,,,,,,,,,,,,,,,,375.9583673468910,357.56489795913600,345.0685714285240
385.475555556,384.475555556,373.73433106620400,126.13,,1.0,1.0,1.0,1.0,,,,,,,,,,,,,,,,,1.0,,,,,,,,,,,376.2148752838910,357.8214058961360,345.2080725628030
392.685714286,391.685714286,380.827482993483,129.5,,0.0,0.0,0.0,0.0,,,,,,,,,,,,,,,,,,,,,,,,,,,,383.37823129280300,364.75074829960500,352.2544217689930
394.146031746,393.146031746,382.2175963718500,130.13,,,,,,,,,,,,,,1.0,,,,,,,,,,,,,,,,,,,384.7683446711700,366.18766439906100,353.64453514736100
395.395918367,394.395918367,383.4206802717620,130.75,,,,,,,,0.0,0.0,0.0,0.0,0.0,0.0,0.0,,,,,,,,0.0,,,,,,,,,,,385.9948299316260,367.29061224489800,354.7774149656390
398.26031746,397.26031746,386.2382766436740,132.13,,,,,,,,,,,,,,1.0,,,,,,,,1.0,,,,,,,,,,,388.8592290246260,369.99773242598600,357.5248072559180
398.554920635,397.554920635,386.5031292517010,132.25,,,,,,,,,,,,,,,,,,,,,0.0,,,,,,,,,,,,389.1538321996260,370.29233560098600,357.7960090703740
399.627755102,398.627755102,387.5121088434970,132.75,,,,,,,,,,,,,,0.0,,,,,,,,0.0,,,,,,,,,,,390.2266666666260,371.31836734689800,358.79863945574100
402.475102041,401.475102041,390.24244897977600,134.13,,,,,,,,,,,,,,1.0,,,,,,,,1.0,,,,,,,,,,,393.0272108845370,374.0019047620880,361.5289795920200
402.742857143,401.742857143,390.5102040817760,134.25,,,,,,,,,,,,,,,,,,,,,1.0,,,,,,,,,,,,393.2949659865370,374.24625850354400,361.7967346940200
403.826938776,402.826938776,391.5110204081630,134.75,,,,,,,,,,,,,,0.0,,,,,,,,0.0,,,,,,,,,,,394.3556462589930,375.2236734693880,362.75074829932000
404.36244898,403.36244898,392.03619047659900,135.0,,,,,,,,,,,,,,,,,1.0,1.0,1.0,,,,,,,,,,,,,,394.8443537419050,375.7254421772790,363.2525170072110
404.643265306,403.643265306,392.3170068025990,135.13,,1.0,1.0,1.0,1.0,1.0,1.0,1.0,1.0,,,,,,,,,,0.0,,,,,,,,,,,,,,395.1251700679050,376.0062585032790,363.5333333332110
406.460952381,405.460952381,394.04108843542200,136.0,,,,,,,,,,,,,,,,,,,1.0,,,,,,,,,,,,,,396.9194557823610,377.70693877555800,365.23401360549000
406.694603175,405.694603175,394.2513378688780,136.13,,,,,,,,,,,,,,1.0,,,,,,,,1.0,,,,,,,,,,,397.15310657636000,377.8937868484690,365.42086167840100
406.979047619,405.979047619,394.5357823128780,136.25,,0.0,0.0,0.0,0.0,0.0,0.0,0.0,0.0,,,,,,,,0.0,0.0,0.0,,,,,,,,,,,,,,397.4375510203610,378.17823129246900,365.7053061224010
408.015238095,407.015238095,395.5485714283330,136.75,,,,,,,,,,,,,,0.0,,,,,,,,0.0,,,,,,,,,,,398.4737414963610,379.1910204079250,366.7180952378570
408.563809524,407.563809524,396.05034013624500,137.0,,,,,,,,,,,,,,,,,1.0,1.0,1.0,,,,,,,,,,,,,,398.9755102042720,379.716190476381,367.2198639457690
408.838095238,407.838095238,396.32462585024500,137.13,,1.0,1.0,1.0,1.0,1.0,1.0,,,,,,,,,,,,,,,,,,,,,,,,,,399.2497959182720,379.9436734692930,367.4941496597690
411.448888889,410.448888889,398.8184126985240,138.38,,,,,,,,,,,,,,1.0,,,,,,,,1.0,,,,,,,,,,,401.81378684818400,382.390657596483,369.9645351475030
412.215873016,411.215873016,399.53859410443500,138.75,,0.0,0.0,,,,,,,1.0,1.0,1.0,1.0,,,,0.0,0.0,0.0,1.0,,,,,,,,,,,,,402.5807709751840,383.1342403629390,370.6613151928710
413.043809524,412.043809524,400.3431292518910,139.13,,,,,,0.0,0.0,0.0,0.0,,,,,,,,,,,,,,,,,,,,,,,,403.38530612263900,383.9289795918370,371.4190476192380
413.328253968,412.328253968,400.6275736958910,139.25,,,,,,,,,,,,,,0.0,,,,,,,,0.0,,,,,,,,,,,403.6697505666400,384.15301587276200,371.7034920632380
414.354285714,413.354285714,401.60680272080300,139.75,,,,,,,,,,,,,,,1.0,1.0,,,,,,,,,,,,,,,,,404.67238095209500,385.13224489767400,372.7061224486940
414.813968254,413.813968254,402.0664852608030,140.0,,,,,,1.0,1.0,1.0,1.0,,,,,,,,,,1.0,,,,,,,,,,,,,,405.13206349209500,385.5217233560410,373.16580498869400
415.085714286,414.085714286,402.3224489795920,140.13,,,,,,,,,,,,,,,,,,,,0.0,,,,,,,,,,,,,405.4038095240950,385.79346938804100,373.41414966015000
415.683628118,414.683628118,402.8893424037140,140.38,,,,,,,,,,,,,,1.0,,,,,,,,1.0,,,,,,,,,,,406.0017233560950,386.39138322004100,374.0120634921500
416.444081633,415.444081633,403.64979591871400,140.75,,,,,,,,,,,,,,,0.0,0.0,,,0.0,1.0,,,,,,,,,,,,,406.76217687109500,387.1518367350410,374.7491156466050
417.227755102,416.227755102,404.43346938771400,141.13,,,,,,0.0,0.0,0.0,0.0,,,,,,,,,,,,,,,,,,,,,,,,407.54585034009500,387.9355102040410,375.48598639451700
417.456326531,416.456326531,404.6620408167140,141.25,,,,,,,,,,,,,,0.0,,,,,,,,0.0,,,,,,,,,,,407.7744217690950,388.1172789119520,375.6911564629730
418.540408163,417.540408163,405.72272108817000,141.75,,,,,,,,,,,,,,,1.0,1.0,,,,,,,,,,,,,,,,,408.8585034010950,389.1311564623200,376.72843537388400
419.036734694,418.036734694,406.21904761917000,142.0,,,,,,1.0,1.0,1.0,1.0,,,,,,,,,,1.0,,,,,,,,,,,,,,409.3548299320950,389.6274829933200,377.2247619048840
419.271111111,418.271111111,406.4300226756260,142.13,,,,,,,,,,,,,,1.0,,,,,,0.0,,1.0,,,,,,,,,,,409.58920634909500,389.8618594103200,377.3889342402520
420.584489796,419.584489796,407.7200000000820,142.75,,1.0,1.0,,,,,,,,,,,,,,,,,,,,,,,,,,,,,,410.87918367355100,391.1284353742310,378.6789115647080
421.159183673,420.159183673,408.2946938770820,143.0,,,,,,,,,,,,,,0.0,,,,,,1.0,0.0,,,,,,,,,,,,411.4304761900070,391.58612244851000,379.25360544170700
424.313469388,423.313469388,411.378775510449,144.5,,,,,,,,,,,,,,,,,,,0.0,0.0,,,,,,,,,,,,,414.53795918391800,394.6000000002450,382.1972789118100
429.664943311,428.664943311,416.6132426307280,147.0,,0.0,0.0,0.0,0.0,0.0,0.0,,,,,,,,0.0,0.0,1.0,1.0,1.0,1.0,,0.0,1.0,,,,,,,,,,419.6554195014760,399.5536507939930,387.1509297055580
429.952290249,428.952290249,416.8771882081840,147.13,,,,,,,,,,0.0,0.0,0.0,0.0,,,,,,,,,,,,0.0,0.0,0.0,0.0,0.0,0.0,0.0,0.0,419.94276643947600,399.8409977319930,387.4382766435580
431.672380952,430.672380952,418.52707482955100,148.0,,,,,,,,,,1.0,1.0,1.0,1.0,,1.0,1.0,,,,,,,,,1.0,1.0,1.0,1.0,1.0,,,,421.56925170029900,401.4206802717280,389.06476190438100
432.193015873,431.193015873,419.04770975055100,148.25,,1.0,1.0,1.0,1.0,1.0,1.0,0.0,0.0,,,,,,,,0.0,0.0,0.0,0.0,1.0,1.0,0.0,,,,,,,1.0,1.0,1.0,422.08988662129900,401.94131519272800,389.53859410429300
432.772063492,431.772063492,419.57995464846300,148.5,,,,,,,,,,,,,,,,,,,,,,0.0,,,,,,,,,,,422.645532879755,402.4969614511840,390.1176417232930
433.70521542,432.70521542,420.4663038553740,149.0,,0.0,0.0,0.0,0.0,0.0,0.0,1.0,1.0,0.0,0.0,0.0,0.0,,0.0,0.0,1.0,1.0,1.0,1.0,0.0,,1.0,,0.0,0.0,0.0,0.0,0.0,0.0,0.0,0.0,423.5786848077550,403.3833106580950,390.9337868485710
435.687619048,434.687619048,422.4253061228300,150.0,,,,,,,,,,1.0,1.0,1.0,1.0,,1.0,1.0,,,,,,,,,1.0,1.0,1.0,1.0,1.0,,,,425.49088435412200,405.2487074833740,392.8225850343950
436.166530612,435.166530612,422.90421768683000,150.25,,1.0,1.0,1.0,1.0,1.0,1.0,0.0,0.0,,,,,,,,0.0,0.0,0.0,0.0,1.0,1.0,0.0,,,,,,,1.0,1.0,1.0,425.9697959181220,405.70421768683000,393.30149659839400
437.707755102,436.707755102,424.35183673465300,151.0,,0.0,0.0,,,,,1.0,1.0,,,,,,,,1.0,,1.0,,,,1.0,,,,,,,,,,427.48761904757800,407.15183673465300,394.7257142856740
437.960272109,436.960272109,424.60435374165300,151.13,,,,,,,,0.0,0.0,,,,,,,,,,,,,0.0,,,,,,,,,,,427.74013605457800,407.40435374165300,394.9782312926730
438.206984127,437.206984127,424.85106575965300,151.25,,,,,,,,,,,,,,,,,,,0.0,1.0,,,,,,,,,,,,,427.96344671203400,407.6510657596530,395.22494331067300
438.709115646,437.709115646,425.3297959181090,151.5,,,,,,,,,,,,,,,,,0.0,1.0,,,,,,,,,,,,,,,428.4187755099460,408.1063945575650,395.63346938749700
439.66984127,438.66984127,426.26712018156500,152.0,,,,,,,,1.0,1.0,,,,,,,,1.0,0.0,1.0,0.0,,,,,,,,,,,,,429.35609977340100,409.06712018156500,396.5473922904080
439.925260771,438.925260771,426.5225396825650,152.13,,,,,,,,,,,,,,1.0,,0.0,,,,,,1.0,,,,,,,,,,,429.58811791385700,409.2757369614760,396.75600907032000
440.186485261,439.186485261,426.78376417256500,152.25,,1.0,1.0,,,,,,,,,,,,,,,,0.0,1.0,,,,,,,,,,,,,429.8493424038570,409.4667573698440,396.9938321997760
440.743764172,439.743764172,427.3176417230200,152.5,,,,,,,,,,,,,,,,,0.0,1.0,,,,,,,,,,,,,,,430.38321995431300,410.0240362808440,397.5277097502310
441.272018141,440.272018141,427.8224943314760,152.75,,,,,,,,,,,,,,,,,,,,,,0.0,,,,,,,,,,,430.9114739233130,410.50548752875500,397.9623582770540
441.765442177,440.765442177,428.31591836747600,153.0,,,,,,,,,,,,,,,,,1.0,0.0,1.0,0.0,,,,,,,,,,,,,431.3814965987690,410.99891156475500,398.4557823130550
442.020861678,441.020861678,428.5319727891160,153.13,,,,,,,,0.0,0.0,0.0,0.0,0.0,0.0,,0.0,,,,,,,,,,,,,,,,,,431.6369160997690,411.2543310657550,398.7112018140550
442.273015873,441.273015873,428.7532879818440,153.25,,,,,,,,,,,,,,,,1.0,,,0.0,1.0,,,,,,,,,,,,,431.8890702947690,411.4830839002110,398.96335600905400
442.781315193,441.781315193,429.2615873018440,153.5,,,,,,,,,,,,,,,,,0.0,1.0,,,,,,,,,,,,,,,432.3973696147690,411.9913832202110,399.4440816326530
443.70430839,442.70430839,430.1845804988440,154.0,,,,,,,,1.0,1.0,,,,,,,,1.0,0.0,1.0,0.0,,,,,,,,,,,,,433.3203628117690,412.8675736961220,400.2542403627890
443.966984127,442.966984127,430.4472562358440,154.13,,,,,,,,,,,,,,,,,,,,,,1.0,,,,,,,,,,,433.5830385487690,413.1302494331220,400.51691609978900
444.213333333,443.213333333,430.6936054418440,154.25,,,,,,,,,,,,,,,,,,,0.0,1.0,,,,,,,,,,,,,433.8293877547690,413.3765986391220,400.7632653057890
444.733968254,443.733968254,431.19083900229900,154.5,,,,,,,,,,,,,,,,,0.0,1.0,,,,,,,,,,,,,,,434.3032199546800,413.85043083903400,401.2604988662450
445.241904762,444.241904762,431.67537414975500,154.75,,,,,,,,0.0,0.0,,,,,,,,,,,,,,,,,,,,,,,,434.81115646268000,414.358367347034,401.7684353742450
445.734603175,444.734603175,432.14467120221100,155.0,,,,,,,,,,,,,,,1.0,,1.0,,1.0,,0.0,,0.0,,,,,,,,,,435.2804535151360,414.78086167840100,402.21433106615700
448.748843537,447.748843537,435.06530612203400,156.5,,,,,,,,,,,,,,,,,0.0,0.0,,,,,,,,,,,,,,,438.2010884349590,417.6780952376800,404.94775510162600
451.514920635,450.514920635,437.8079818594900,158.0,,,,,,,,,,,,,,,,,,,,,1.0,,,,,,,,,,,,440.9671655329590,420.3505668935030,407.6436281179930
451.738412698,450.738412698,438.03147392249000,158.13,,,,,,,,,,,,,,,,,1.0,1.0,,,,,,,,,,,,,,,441.1906575959590,420.57405895650300,407.86712018099300
452.998095238,451.998095238,439.24435374140100,158.75,,0.0,0.0,,,0.0,0.0,1.0,1.0,1.0,1.0,1.0,1.0,0.0,0.0,0.0,,,,,,0.0,,,,,,,,,,,442.4503401359590,421.78693877541500,409.1268027209930
453.475555556,452.475555556,439.7218140594010,159.0,,,,,,,,,,,,,,,,,,,,,,1.0,1.0,,,,,,,,,,442.8809977328710,422.1941950117820,409.5340589573610
455.302675737,454.302675737,441.50213151931300,160.0,,,,,,,,,,,,,,,,,,,,,,,,,,,,,,,,,444.68471655332700,423.95111111115000,411.26757369618400
455.804807256,454.804807256,442.00426303831300,160.25,,,1.0,,,,,,,,,,,,,,,,,,,,,,,,,,,,,,445.18684807232700,424.4532426301500,411.7697052151840
456.28952381,455.28952381,442.4889795923130,160.5,,1.0,,,,1.0,1.0,,,,,,,1.0,1.0,1.0,,,,,,,,,,,,,,,,,445.67156462632700,424.89115646306100,412.2076190480950
456.787301587,455.787301587,442.98675736931300,160.75,,,,,,,,,,,,,,,,,,,,,,,,,,,,,,,,,446.16934240332700,425.3187301584290,412.65859410400700
457.227029478,456.227029478,443.4264852603130,161.0,,,,,,,,,,,,,,,,,,,,,,,,,,,,,,,,,446.6090702943270,425.75845804942900,413.0983219950070
458.109387755,457.109387755,444.28544217676900,161.5,,,,,,,,,,,,,,,,,,,,,,,,,,,,,,,,,447.4680272107820,426.5940136053400,413.9104761903740
459.067210884,458.067210884,445.2432653057690,162.0,,,,,,,,,,,,,,,,,,,,,,,,,,,,,,,,,448.4258503397820,427.55183673434000,414.86829931937400
460.62585034,459.62585034,446.6614965985030,162.63,0.0,0.0,0.0,0.0,0.0,0.0,0.0,0.0,0.0,0.0,0.0,0.0,0.0,0.0,0.0,0.0,0.0,0.0,0.0,0.0,0.0,0.0,0.0,0.0,0.0,0.0,0.0,0.0,0.0,0.0,0.0,0.0,449.9142857141500,428.9466666665310,416.42693877537400